{
	"IcoMoonType": "selection",
	"icons": [
		{
			"icon": {
				"paths": [
					"M532.365 502.34l365.134-365.090c20.939-20.983 20.939-54.868 0-75.807s-54.824-20.939-75.764 0l-365.134 365.134-365.134-365.134c-20.896-20.939-54.868-20.939-75.764 0-20.939 20.939-20.939 54.824 0 75.807l365.134 365.090-365.134 365.134c-20.939 20.896-20.939 54.868 0 75.764 10.47 10.47 24.197 15.726 37.882 15.726s27.412-5.257 37.882-15.726l365.134-365.134 365.134 365.134c10.47 10.47 24.154 15.726 37.882 15.726s27.456-5.257 37.882-15.726c20.939-20.896 20.939-54.868 0-75.764l-365.134-365.134z"
				],
				"attrs": [
					{}
				],
				"isMulticolor": false,
				"width": 956,
				"grid": 0,
				"tags": [
					"x"
				]
			},
			"attrs": [
				{}
			],
			"properties": {
				"order": 33,
				"id": 32,
				"prevSize": 32,
				"code": 58911,
				"name": "x"
			},
			"setIdx": 0,
			"iconIdx": 0
		},
		{
			"icon": {
				"paths": [
					"M512 0c282.761 0 512 229.239 512 512s-229.239 512-512 512c-282.761 0-512-229.239-512-512s229.239-512 512-512zM512 102.4c-226.208 0-409.6 183.392-409.6 409.6s183.392 409.6 409.6 409.6c226.208 0 409.6-183.392 409.6-409.6s-183.392-409.6-409.6-409.6z",
					"M204.8 375.467h273.067v273.067h-273.067v-273.067z",
					"M546.133 682.667v-341.333l341.333 170.667-341.333 170.667z"
				],
				"attrs": [
					{
						"visibility": false
					},
					{
						"visibility": false
					},
					{
						"visibility": false
					}
				],
				"grid": 0,
				"tags": [
					"circle-stop-start"
				]
			},
			"attrs": [
				{
					"visibility": false
				},
				{
					"visibility": false
				},
				{
					"visibility": false
				}
			],
			"properties": {
				"order": 30,
				"id": 31,
				"prevSize": 32,
				"code": 58910,
				"name": "circle-stop-start"
			},
			"setIdx": 0,
			"iconIdx": 1
		},
		{
			"icon": {
				"paths": [
					"M512 0c282.761 0 512 229.239 512 512s-229.239 512-512 512c-282.761 0-512-229.239-512-512s229.239-512 512-512zM512 102.4c-226.208 0-409.6 183.392-409.6 409.6s183.392 409.6 409.6 409.6c226.208 0 409.6-183.392 409.6-409.6s-183.392-409.6-409.6-409.6z"
				],
				"attrs": [
					{
						"visibility": false
					}
				],
				"grid": 0,
				"tags": [
					"circle-hollow"
				]
			},
			"attrs": [
				{
					"visibility": false
				}
			],
			"properties": {
				"order": 29,
				"id": 30,
				"prevSize": 32,
				"code": 58908,
				"name": "circle-hollow"
			},
			"setIdx": 0,
			"iconIdx": 2
		},
		{
			"icon": {
				"paths": [
					"M512 0c-282.761 0-512 229.239-512 512s229.239 512 512 512c282.761 0 512-229.239 512-512s-229.239-512-512-512v0z"
				],
				"attrs": [
					{
						"visibility": false
					}
				],
				"grid": 0,
				"tags": [
					"circle-filled"
				]
			},
			"attrs": [
				{
					"visibility": false
				}
			],
			"properties": {
				"order": 28,
				"id": 29,
				"prevSize": 32,
				"code": 58909,
				"name": "circle-filled"
			},
			"setIdx": 0,
			"iconIdx": 3
		},
		{
			"icon": {
				"paths": [
					"M-0 1024l0-1024 1024 512-1024 512z"
				],
				"attrs": [
					{
						"opacity": 1,
						"visibility": false
					}
				],
				"grid": 0,
				"tags": [
					"play"
				]
			},
			"attrs": [
				{
					"opacity": 1,
					"visibility": false
				}
			],
			"properties": {
				"order": 24,
				"id": 28,
				"prevSize": 32,
				"code": 58904,
				"name": "play",
				"ligatures": ""
			},
			"setIdx": 0,
			"iconIdx": 4
		},
		{
			"icon": {
				"paths": [
					"M307.2 0l718.067 512-718.067 512v-1024z",
					"M0 0h204.8v1024h-204.8v-1024z"
				],
				"attrs": [
					{
						"opacity": 1,
						"visibility": false
					},
					{
						"opacity": 1,
						"visibility": false
					}
				],
				"grid": 0,
				"tags": [
					"restart-2"
				]
			},
			"attrs": [
				{
					"opacity": 1,
					"visibility": false
				},
				{
					"opacity": 1,
					"visibility": false
				}
			],
			"properties": {
				"order": 25,
				"id": 27,
				"prevSize": 32,
				"code": 58905,
				"name": "restart-2",
				"ligatures": ""
			},
			"setIdx": 0,
			"iconIdx": 5
		},
		{
			"icon": {
				"paths": [
					"M1024.029 85.14v314.818h-321.863l102.973-100.719c-64.903-87.749-170.462-144.839-289.654-144.839-156.757 0-289.934 98.747-338.059 236.114h-160.858c51.881-221.775 254.84-387.226 497.308-387.226 162.196 0 306.714 74.037 400.155 189.443l109.998-107.591z",
					"M517.634 1018.981c246.607 0 452.651-172.326 502.506-402.243h-157.092c-45.568 145.415-182.254 251-343.793 251-122.596 0-230.877-60.813-295.879-153.698l107.787-106.956h-324.296v321.795l106.157-105.339c94.099 118.994 240.357 195.441 404.609 195.441z"
				],
				"attrs": [
					{
						"opacity": 1,
						"visibility": false
					},
					{
						"opacity": 1,
						"visibility": false
					}
				],
				"grid": 0,
				"tags": [
					"restart"
				]
			},
			"attrs": [
				{
					"opacity": 1,
					"visibility": false
				},
				{
					"opacity": 1,
					"visibility": false
				}
			],
			"properties": {
				"order": 26,
				"id": 26,
				"prevSize": 32,
				"code": 58906,
				"name": "restart",
				"ligatures": ""
			},
			"setIdx": 0,
			"iconIdx": 6
		},
		{
			"icon": {
				"paths": [
					"M0 0h1024v1024h-1024v-1024z"
				],
				"attrs": [
					{
						"opacity": 1,
						"visibility": false
					}
				],
				"grid": 0,
				"tags": [
					"stop"
				]
			},
			"attrs": [
				{
					"opacity": 1,
					"visibility": false
				}
			],
			"properties": {
				"order": 27,
				"id": 25,
				"prevSize": 32,
				"code": 58907,
				"name": "stop",
				"ligatures": ""
			},
			"setIdx": 0,
			"iconIdx": 7
		},
		{
			"icon": {
				"paths": [
					"M512 0c282.761 0 512 229.239 512 512s-229.239 512-512 512c-282.761 0-512-229.239-512-512s229.239-512 512-512zM512 102.4c-226.208 0-409.6 183.392-409.6 409.6s183.392 409.6 409.6 409.6c226.208 0 409.6-183.392 409.6-409.6s-183.392-409.6-409.6-409.6z"
				],
				"attrs": [
					{
						"opacity": 1,
						"visibility": false
					}
				],
				"grid": 0,
				"tags": [
					"checkmark-outline"
				]
			},
			"attrs": [
				{
					"opacity": 1,
					"visibility": false
				}
			],
			"properties": {
				"order": 23,
				"id": 24,
				"prevSize": 32,
				"code": 58901,
				"name": "checkmark-outline",
				"ligatures": ""
			},
			"setIdx": 0,
			"iconIdx": 8
		},
		{
			"icon": {
				"paths": [
					"M736.195 428.704h-459.432l229.382 248.523 230.050-248.523z",
					"M1027.033 880.401h-1030.097v-677.985h1030.097v677.985h-0zM27.27 850.067h969.43v-617.318h-969.43v617.318z"
				],
				"attrs": [
					{},
					{}
				],
				"grid": 0,
				"tags": [
					"box-arrow-down"
				]
			},
			"attrs": [
				{},
				{}
			],
			"properties": {
				"order": 1,
				"id": 23,
				"prevSize": 32,
				"code": 58880,
				"name": "box-arrow-down",
				"ligatures": ""
			},
			"setIdx": 0,
			"iconIdx": 9
		},
		{
			"icon": {
				"paths": [
					"M374.991 812.407l-51.794 51.413c-44.925 44.489-117.982 44.543-162.852 0-21.59-21.426-33.421-49.832-33.421-80.090s11.831-58.664 33.421-80.090l190.766-189.24c39.527-39.2 113.893-96.937 168.086-43.18 24.916 24.698 65.043 24.534 89.74-0.327s24.534-65.043-0.382-89.74c-92.139-91.321-228.276-74.42-346.858 43.235l-190.766 189.24c-45.743 45.47-70.931 105.824-70.931 170.158s25.188 124.688 70.985 170.158c47.106 46.724 108.932 70.059 170.758 70.059 61.881 0 123.761-23.335 170.867-70.059l51.849-51.467c24.861-24.698 24.97-64.825 0.273-89.74-24.643-24.861-64.825-25.025-89.74-0.327v0 0zM953.015 77.364c-98.954-98.191-237.327-103.48-328.866-12.594l-64.661 64.116c-24.861 24.698-24.97 64.825-0.327 89.74 24.698 24.916 64.879 25.025 89.74 0.327l64.552-64.061c47.487-47.106 109.586-27.533 150.149 12.594 21.59 21.426 33.421 49.886 33.421 80.090 0 30.259-11.831 58.718-33.421 80.145l-203.47 201.834c-93.066 92.303-136.682 48.959-155.328 30.531-24.861-24.698-64.988-24.534-89.74 0.327s-24.48 64.934 0.382 89.631c42.689 42.362 91.485 63.407 142.571 63.407 62.535 0 128.613-31.513 191.53-93.938l203.47-201.834c45.743-45.415 70.985-105.878 70.985-170.158s-25.243-124.742-70.985-170.158v0 0zM953.015 77.364z"
				],
				"attrs": [
					{}
				],
				"grid": 0,
				"tags": [
					"link"
				]
			},
			"attrs": [
				{}
			],
			"properties": {
				"order": 2,
				"id": 22,
				"prevSize": 32,
				"code": 58881,
				"name": "link",
				"ligatures": ""
			},
			"setIdx": 0,
			"iconIdx": 10
		},
		{
			"icon": {
				"paths": [
					"M243.573 561.469h323.026v-102.387h-323.026v102.387zM692.18-0h-576.816c-63.458 0-115.363 51.215-115.363 113.768v796.464c0 62.596 51.905 113.811 115.363 113.811h576.773c63.502 0 115.406-51.215 115.406-113.811v-796.464c0-62.553-51.905-113.768-115.363-113.768v0 0zM115.363 113.768h576.816v796.464h-576.816v-796.464zM242.28 336.778h323.026v-99.585h-323.026v99.585zM242.28 783.315h323.026v-99.585h-323.026v99.585zM242.28 783.315z"
				],
				"attrs": [
					{}
				],
				"width": 808,
				"grid": 0,
				"tags": [
					"file"
				]
			},
			"attrs": [
				{}
			],
			"properties": {
				"order": 3,
				"id": 21,
				"prevSize": 32,
				"code": 58882,
				"name": "file",
				"ligatures": ""
			},
			"setIdx": 0,
			"iconIdx": 11
		},
		{
			"icon": {
				"paths": [
					"M512 0c-282.766 0-512 229.234-512 512s229.234 512 512 512c282.766 0 512-229.234 512-512s-229.234-512-512-512zM747.179 526.649c-3.755 3.755-8.903 6.059-14.649 6.059l-441.031 0.028c-11.463-0.028-20.736-9.273-20.736-20.736 0-11.435 9.273-20.736 20.736-20.736h441.060c11.435-0.028 20.736 9.273 20.736 20.736-0.057 5.689-2.389 10.894-6.116 14.649z"
				],
				"attrs": [
					{}
				],
				"grid": 0,
				"tags": [
					"minus"
				]
			},
			"attrs": [
				{}
			],
			"properties": {
				"order": 4,
				"id": 20,
				"prevSize": 32,
				"code": 58883,
				"name": "minus",
				"ligatures": ""
			},
			"setIdx": 0,
			"iconIdx": 12
		},
		{
			"icon": {
				"paths": [
					"M242.447 76.168c3.162-1.867 6.385-3.765 10.481-6.144-2.259 1.295-6.144 3.614-10.481 6.144z",
					"M242.447 76.168c-5.21 3.012-9.728 5.662-12.89 7.499 4.006-2.289 8.674-5.060 12.89-7.499z",
					"M955.362 255.096c-45.839-78.426-108.032-140.589-186.519-186.368-78.426-45.809-164.051-68.728-256.843-68.728s-178.387 22.92-256.843 68.698-140.649 107.942-186.458 186.398c-45.779 78.517-68.698 164.111-68.698 256.904s22.92 178.417 68.728 256.904c45.809 78.426 107.942 140.559 186.458 186.368 78.426 45.809 164.021 68.728 256.813 68.728s178.417-22.92 256.813-68.668c78.456-45.809 140.589-108.002 186.458-186.368 45.779-78.547 68.728-164.171 68.728-256.964s-22.95-178.387-68.638-256.904zM810.737 556.544c0 16.655-13.463 30.118-30.118 30.118h-537.239c-16.655 0-30.118-13.463-30.118-30.118v-89.118c0-16.625 13.463-30.118 30.118-30.118h537.239c16.655 0 30.118 13.493 30.118 30.118v89.118z"
				],
				"attrs": [
					{},
					{},
					{}
				],
				"grid": 0,
				"tags": [
					"minus-thick"
				]
			},
			"attrs": [
				{},
				{},
				{}
			],
			"properties": {
				"order": 5,
				"id": 19,
				"prevSize": 32,
				"code": 58884,
				"name": "minus-thick",
				"ligatures": ""
			},
			"setIdx": 0,
			"iconIdx": 13
		},
		{
			"icon": {
				"paths": [
					"M964.937 950.421l-224.382-229.73c66.351-76.694 107.901-176.309 107.901-286.501-0-239.486-190.354-434.189-424.198-434.189-233.961 0-424.257 194.703-424.257 434.189 0 239.309 190.296 434.13 424.257 434.13 95.853 0 183.302-33.969 254.413-89.036l226.674 232.081c8.287 8.463 18.983 12.635 29.796 12.635s21.51-4.173 29.796-12.635c16.455-16.867 16.455-44.136 0-60.944v0 0zM84.275 434.189c0-191.882 152.507-347.974 339.982-347.974 187.416 0 339.923 156.092 339.923 347.974s-152.507 347.857-339.923 347.857c-187.475 0-339.982-156.033-339.982-347.857v0 0zM84.275 434.189z"
				],
				"attrs": [
					{}
				],
				"width": 977,
				"grid": 0,
				"tags": [
					"search"
				]
			},
			"attrs": [
				{}
			],
			"properties": {
				"order": 31,
				"id": 18,
				"prevSize": 32,
				"code": 58885,
				"name": "search",
				"ligatures": ""
			},
			"setIdx": 0,
			"iconIdx": 14
		},
		{
			"icon": {
				"paths": [
					"M505.16 19.14c-271.993 3.64-489.539 227.283-485.929 499.488 3.64 272.114 227.101 489.842 499.124 486.263 271.932-3.67 489.539-227.343 485.929-499.488-3.67-272.175-227.131-489.903-499.124-486.263zM503.704 812.035l-2.7-0.030c-41.889-1.274-71.403-32.153-70.22-73.405 1.153-40.615 31.394-70.068 71.919-70.068l2.396 0.030c43.072 1.274 72.252 31.849 71.069 74.345-1.213 40.676-31 69.128-72.465 69.128zM679.906 462.057c-9.858 14.014-31.546 31.425-58.815 52.688l-30.060 20.778c-16.471 12.831-26.45 24.903-30.211 36.794-2.942 9.373-4.398 11.799-4.641 30.848l-0.030 4.853h-114.779l0.334-9.737c1.395-39.918 2.396-63.426 18.958-82.838 25.965-30.515 83.202-67.399 85.629-68.946 8.22-6.188 15.136-13.225 20.262-20.748 12.042-16.622 17.381-29.696 17.381-42.557 0-17.836-5.278-34.367-15.743-49.018-10.070-14.196-29.18-21.354-56.783-21.354-27.39 0-46.136 8.675-57.389 26.541-11.557 18.351-17.381 37.612-17.381 57.329v4.914h-118.328l0.212-5.096c3.033-72.525 28.907-124.758 76.863-155.243 30.151-19.383 67.611-29.21 111.351-29.21 57.238 0 105.558 13.892 143.595 41.374 38.553 27.815 58.117 69.492 58.117 123.848-0.030 30.302-9.615 58.845-28.543 84.78z"
				],
				"attrs": [
					{}
				],
				"width": 1023,
				"grid": 0,
				"tags": [
					"question-mark"
				]
			},
			"attrs": [
				{}
			],
			"properties": {
				"order": 6,
				"id": 17,
				"prevSize": 32,
				"code": 58886,
				"name": "question-mark",
				"ligatures": ""
			},
			"setIdx": 0,
			"iconIdx": 15
		},
		{
			"icon": {
				"paths": [
					"M512 0c-282.766 0-512 229.234-512 512s229.234 512 512 512c282.766 0 512-229.234 512-512s-229.234-512-512-512zM747.179 526.677c-3.755 3.755-8.932 6.059-14.649 6.059h-199.794v199.794c0 5.717-2.304 10.923-6.059 14.677-3.755 3.726-8.932 6.030-14.677 6.030-11.435 0-20.736-9.273-20.736-20.736v-199.794h-199.765c-11.463 0-20.736-9.273-20.736-20.736 0-11.435 9.273-20.736 20.736-20.736h199.794v-199.794c0-11.463 9.273-20.736 20.736-20.736s20.736 9.273 20.736 20.736l-0.028 199.765h199.794c11.435 0 20.736 9.273 20.736 20.736 0 5.774-2.332 10.98-6.087 14.734z"
				],
				"attrs": [
					{}
				],
				"grid": 0,
				"tags": [
					"plus"
				]
			},
			"attrs": [
				{}
			],
			"properties": {
				"order": 7,
				"id": 16,
				"prevSize": 32,
				"code": 58887,
				"name": "plus",
				"ligatures": ""
			},
			"setIdx": 0,
			"iconIdx": 16
		},
		{
			"icon": {
				"paths": [
					"M242.447 76.168c3.162-1.867 6.385-3.765 10.481-6.144-2.259 1.295-6.144 3.614-10.481 6.144z",
					"M242.447 76.168c-5.21 3.012-9.728 5.662-12.89 7.499 4.006-2.289 8.674-5.060 12.89-7.499z",
					"M955.362 255.096c-45.839-78.426-108.032-140.589-186.519-186.368-78.426-45.809-164.051-68.728-256.843-68.728s-178.387 22.92-256.843 68.698-140.649 107.942-186.458 186.398c-45.779 78.517-68.698 164.111-68.698 256.904s22.92 178.417 68.728 256.904c45.809 78.426 107.942 140.559 186.458 186.368 78.426 45.809 164.021 68.728 256.813 68.728s178.417-22.92 256.813-68.668c78.456-45.809 140.589-108.002 186.458-186.368 45.779-78.547 68.728-164.171 68.728-256.964s-22.95-178.387-68.638-256.904zM810.737 556.544c0 16.655-13.463 30.118-30.118 30.118h-193.928v193.928c0 16.655-13.463 30.118-30.118 30.118h-89.118c-16.625 0-30.118-13.463-30.118-30.118v-193.928h-193.958c-16.655 0-30.118-13.463-30.118-30.118v-89.118c0-16.625 13.463-30.118 30.118-30.118h193.928v-193.928c0-16.625 13.493-30.118 30.118-30.118h89.118c16.655 0 30.118 13.493 30.118 30.118v193.928h193.928c16.655 0 30.118 13.493 30.118 30.118v89.118z"
				],
				"attrs": [
					{},
					{},
					{}
				],
				"grid": 0,
				"tags": [
					"plus-thick"
				]
			},
			"attrs": [
				{},
				{},
				{}
			],
			"properties": {
				"order": 8,
				"id": 15,
				"prevSize": 32,
				"code": 58888,
				"name": "plus-thick",
				"ligatures": ""
			},
			"setIdx": 0,
			"iconIdx": 17
		},
		{
			"icon": {
				"paths": [
					"M615.161 615.591v408.337h-207.039v-408.337h-408.122v-207.254h408.122v-408.337h207.111v408.337h408.050l0.072 207.326-408.193-0.072z"
				],
				"attrs": [
					{}
				],
				"width": 1023,
				"grid": 0,
				"tags": [
					"plus-sign"
				]
			},
			"attrs": [
				{}
			],
			"properties": {
				"order": 9,
				"id": 14,
				"prevSize": 32,
				"code": 58889,
				"name": "plus-sign",
				"ligatures": ""
			},
			"setIdx": 0,
			"iconIdx": 18
		},
		{
			"icon": {
				"paths": [
					"M242.447 76.168c3.162-1.867 6.385-3.765 10.481-6.144-2.259 1.295-6.144 3.614-10.481 6.144z",
					"M242.447 76.168c-5.21 3.012-9.728 5.662-12.89 7.499 4.006-2.289 8.674-5.060 12.89-7.499z",
					"M955.332 255.096c-45.839-78.456-108.002-140.589-186.488-186.398-78.426-45.779-164.051-68.698-256.843-68.698s-178.387 22.92-256.843 68.698c-78.456 45.809-140.649 107.942-186.458 186.398-45.779 78.517-68.698 164.111-68.698 256.904s22.92 178.417 68.728 256.904c45.809 78.426 107.942 140.559 186.458 186.398 78.426 45.779 164.021 68.698 256.813 68.698s178.417-22.92 256.813-68.668c78.487-45.839 140.589-108.002 186.488-186.398 45.779-78.517 68.698-164.141 68.698-256.934s-22.92-178.387-68.668-256.904zM384 768v-512l384 255.368-384 256.632z"
				],
				"attrs": [
					{},
					{},
					{}
				],
				"grid": 0,
				"tags": [
					"play"
				]
			},
			"attrs": [
				{},
				{},
				{}
			],
			"properties": {
				"order": 10,
				"id": 13,
				"prevSize": 32,
				"code": 58890,
				"name": "play2",
				"ligatures": ""
			},
			"setIdx": 0,
			"iconIdx": 19
		},
		{
			"icon": {
				"paths": [
					"M670.064 100.84c-20.678-8.682-44.876 0.88-53.764 21.705-8.799 20.737 0.968 44.73 21.881 53.529 148.444 62.563 244.473 206.783 244.561 367.457 0 219.923-179.593 398.812-400.367 398.812-220.686 0-400.337-178.889-400.337-398.812-0.088-159.091 94.621-302.841 241.335-366.079 20.796-8.946 30.357-33.027 21.382-53.676-9.063-20.766-33.173-30.24-53.881-21.353-176.807 76.29-290.962 249.401-290.874 441.107 0 264.917 216.374 480.469 482.346 480.469s482.376-215.553 482.376-480.469c-0.059-193.613-115.74-367.369-294.658-442.691z",
					"M482.346 385.731c22.643 0 41.005-18.273 41.005-40.887v-303.956c0-22.585-18.361-40.887-41.005-40.887-22.673 0-40.975 18.302-40.975 40.887v303.985c0 22.585 18.302 40.858 40.975 40.858z"
				],
				"attrs": [
					{},
					{}
				],
				"width": 965,
				"grid": 0,
				"tags": [
					"on-off"
				]
			},
			"attrs": [
				{},
				{}
			],
			"properties": {
				"order": 11,
				"id": 12,
				"prevSize": 32,
				"code": 58891,
				"name": "on-off",
				"ligatures": ""
			},
			"setIdx": 0,
			"iconIdx": 20
		},
		{
			"icon": {
				"paths": [
					"M902.366 166.863v-111.205l-96.301-55.658-96.473 55.658v111.205l96.473 55.615z",
					"M553.227 808.457l60.469-34.894 60.383 34.894v69.702l-60.383 34.868-60.469-34.868z",
					"M919.318 212.195l-159.626 92.136v83.109l44.859 25.91v101.12l109.105 62.964v-186.087l157.931-91.181z",
					"M759.692 304.331l94.020-54.264-47.681-27.554-117.642 67.895v55.83l-0.052-0.026-116.334 67.138v134.301l116.334 67.181 116.213-67.181v-134.301l-44.859-25.91z",
					"M362.64 499.763l77.679-44.859 77.722 44.859v89.683l-77.722 44.833-77.679-44.833z",
					"M506.837 595.909l-66.527 38.379-32.682-18.871-44.988 25.988v128.656l111.523 64.358 111.299-64.358v-128.656z",
					"M193.625 257.975l48.292-27.872 48.258 27.872v55.71l-48.258 27.846-48.292-27.846z",
					"M117.925 319.571l26.332-15.24 26.358 15.24v30.368l-26.358 15.205-26.332-15.205z",
					"M265.186 495.099l-38.353 22.124v-19.319l-26.332-15.145-26.306 15.145v30.437l26.306 15.214 16.479-9.517v44.575l48.206 27.872 48.206-27.872v-55.693z",
					"M139.146 599.627l26.323-15.205 26.34 15.205v30.445l-26.34 15.171-26.323-15.171z",
					"M0 207.531l26.28-15.197 26.349 15.197v30.419l-26.349 15.18-26.28-15.18z",
					"M510.451 171.742l81.052-46.752 80.863 46.752v93.461l-80.863 46.743-81.052-46.743z",
					"M510.451 265.203v-46.115l-41.511-23.983-106.3 61.364v122.693l106.3 61.321 106.222-61.321v-76.638z",
					"M457.151 894.285h-5.714v-41.486h-0.241l-15.945 41.486h-3.743l-15.971-41.486h-0.215v41.486h-5.714v-46.348h10.576l13.2 34.24h0.207l13.002-34.24h10.567v46.348zM401.010 852.378h-14.732v41.907h-5.722v-41.907h-14.758v-4.44h35.212v4.44z",
					"M872.402 704.24l122.331-70.666 122.271 70.666v141.254l-122.271 70.563-122.331-70.563z",
					"M1018.346 122.443l-99.028 57.181v32.579l152.277 87.971-157.948 91.172v249.309l-107.16-61.88-192.765 111.36v83.444l60.357 34.877v69.702l-60.064 34.688 192.472 111.153 187.61-108.322-121.695-70.184v-141.246l122.331-70.674 122.28 70.674v141.246l133.372-77.016v-512.275z"
				],
				"attrs": [
					{
						"fill": "#08592B"
					},
					{
						"fill": "#7DBD33"
					},
					{
						"fill": "#7DBD33"
					},
					{
						"fill": "#08592B"
					},
					{
						"fill": "#08592B"
					},
					{
						"fill": "#7DBD33"
					},
					{
						"fill": "#08592B"
					},
					{
						"fill": "#7DBD33"
					},
					{
						"fill": "#7DBD33"
					},
					{
						"fill": "#08592B"
					},
					{
						"fill": "#08592B"
					},
					{
						"fill": "#08592B"
					},
					{
						"fill": "#7DBD33"
					},
					{
						"fill": "#7DBD33"
					},
					{
						"fill": "#7DBD33"
					},
					{
						"fill": "#08592B"
					}
				],
				"width": 1250,
				"grid": 0,
				"tags": [
					"logo"
				]
			},
			"attrs": [
				{
					"fill": "#08592B"
				},
				{
					"fill": "#7DBD33"
				},
				{
					"fill": "#7DBD33"
				},
				{
					"fill": "#08592B"
				},
				{
					"fill": "#08592B"
				},
				{
					"fill": "#7DBD33"
				},
				{
					"fill": "#08592B"
				},
				{
					"fill": "#7DBD33"
				},
				{
					"fill": "#7DBD33"
				},
				{
					"fill": "#08592B"
				},
				{
					"fill": "#08592B"
				},
				{
					"fill": "#08592B"
				},
				{
					"fill": "#7DBD33"
				},
				{
					"fill": "#7DBD33"
				},
				{
					"fill": "#7DBD33"
				},
				{
					"fill": "#08592B"
				}
			],
			"properties": {
				"order": 12,
				"id": 11,
				"prevSize": 32,
				"code": 58892,
				"name": "logo",
				"ligatures": ""
			},
			"setIdx": 0,
			"iconIdx": 21
		},
		{
			"icon": {
				"paths": [
					"M472.17 689.035c-14.264 0-26.27 4.776-36.019 14.362-9.814 9.553-14.689 21.33-14.689 35.332 0 15.768 5.071 28.102 15.18 36.869 10.142 8.8 21.919 13.184 35.528 13.184 13.086 0 24.7-4.449 34.71-13.315 10.011-8.931 15.016-21.166 15.016-36.739 0-13.969-4.776-25.779-14.362-35.332s-21.395-14.362-35.364-14.362z",
					"M622.723 350.21c-13.446-20.447-32.518-36.64-57.185-48.516-24.7-11.908-53.161-17.829-85.385-17.829-34.71 0-64.971 7.132-91.045 21.33-25.975 14.231-45.768 32.191-59.312 53.848-13.577 21.723-20.381 43.085-20.381 64.186 0 10.207 4.286 19.727 12.857 28.527 8.604 8.768 19.105 13.151 31.57 13.151 21.101 0 35.43-12.562 42.954-37.622 8.015-24.045 17.797-42.267 29.345-54.568 11.581-12.333 29.574-18.484 54.012-18.484 20.937 0 37.982 6.118 51.198 18.386 13.184 12.203 19.858 27.186 19.858 44.983 0 9.095-2.192 17.6-6.51 25.387-4.351 7.721-9.716 14.82-16.030 21.134-6.347 6.347-16.619 15.736-30.784 28.167-16.292 14.264-29.181 26.532-38.734 36.837-9.553 10.371-17.241 22.344-22.998 36.019s-8.702 29.836-8.702 48.516c0 14.951 3.958 26.139 11.843 33.729 7.852 7.492 17.633 11.287 29.181 11.287 22.246 0 35.463-11.548 39.683-34.677 2.421-10.894 4.318-18.451 5.496-22.835 1.21-4.318 2.944-8.669 5.169-12.988 2.225-4.351 5.627-9.127 10.207-14.362 4.547-5.234 10.6-11.254 18.189-18.157 27.284-24.438 46.291-41.875 56.858-52.18 10.534-10.371 19.629-22.639 27.317-36.869 7.655-14.231 11.548-30.752 11.548-49.661-0.033-24.045-6.772-46.291-20.218-66.738z",
					"M869.98 247.748l-239.013-235.218c-8.146-8.048-19.171-12.53-30.719-12.53h-476.685c-23.882 0-43.38 19.269-43.38 43.052v43.020h-13.086c-37.066-0-67.098 29.803-67.098 66.443v3.697c0 36.706 30.032 66.476 67.098 66.476h13.086v63.63h-13.086c-37.066 0.033-67.098 29.803-67.098 66.476v3.729c0 36.673 30.032 66.443 67.098 66.443h13.086v63.695h-13.086c-37.066-0-67.098 29.738-67.098 66.443v3.697c0 36.706 30.032 66.443 67.098 66.443h13.086v357.734c0 23.849 19.498 43.052 43.38 43.052h715.665c24.078 0 43.478-19.171 43.478-43.052v-702.644c-0-11.483-4.613-22.508-12.726-30.588v0 0zM795.783 937.928h-628.742v-851.856h415.345l213.365 210.061v641.795h0.033z"
				],
				"attrs": [
					{},
					{},
					{}
				],
				"width": 883,
				"grid": 0,
				"tags": [
					"help"
				]
			},
			"attrs": [
				{},
				{},
				{}
			],
			"properties": {
				"order": 13,
				"id": 10,
				"prevSize": 32,
				"code": 58893,
				"name": "help",
				"ligatures": ""
			},
			"setIdx": 0,
			"iconIdx": 22
		},
		{
			"icon": {
				"paths": [
					"M46.075 1023.906c-11.107-7.154 181.005-407.284 174.369-424.839s-210.325-81.749-220.256-112.622c-9.977-30.92 402.202-495.293 412.979-486.304 10.777 8.942-179.593 411.803-174.369 424.839 5.177 13.084 213.996 79.96 220.303 112.669 6.259 32.615-401.919 493.457-413.026 486.256z"
				],
				"attrs": [
					{}
				],
				"width": 459,
				"grid": 0,
				"tags": [
					"lightning"
				]
			},
			"attrs": [
				{}
			],
			"properties": {
				"order": 15,
				"id": 9,
				"prevSize": 32,
				"code": 58894,
				"name": "lightning",
				"ligatures": ""
			},
			"setIdx": 0,
			"iconIdx": 23
		},
		{
			"icon": {
				"paths": [
					"M1222.627 320.022h-1163.008c-59.014 0-61.993 28.708-58.755 63.719l52.927 576.496c3.238 35.054 11.526 63.763 70.497 63.763h1033.8c60.136 0 67.259-28.665 70.454-63.763l52.927-576.496c3.151-35.054 0.216-63.719-58.841-63.719v0 0zM1179.974 179.2c-7.080-28.147-42.005-51.2-77.534-51.2h-436.884c-35.572 0-85.218-20.333-110.387-45.156l-38.163-37.688c-25.168-24.823-74.857-45.156-110.43-45.156h-208.729c-35.529 0-67.821 28.622-71.706 63.59l-18.736 166.81h1085.518l-12.951-51.2zM1179.974 179.2z"
				],
				"attrs": [
					{}
				],
				"width": 1282,
				"grid": 0,
				"tags": [
					"folder"
				]
			},
			"attrs": [
				{}
			],
			"properties": {
				"order": 16,
				"id": 8,
				"prevSize": 32,
				"code": 58895,
				"name": "folder",
				"ligatures": ""
			},
			"setIdx": 0,
			"iconIdx": 24
		},
		{
			"icon": {
				"paths": [
					"M1010.304 242.432h-996.608l497.6 539.136 499.008-539.136z"
				],
				"attrs": [
					{}
				],
				"grid": 0,
				"tags": [
					"down-arrow"
				]
			},
			"attrs": [
				{}
			],
			"properties": {
				"order": 17,
				"id": 7,
				"prevSize": 32,
				"code": 58896,
				"name": "down-arrow",
				"ligatures": ""
			},
			"setIdx": 0,
			"iconIdx": 25
		},
		{
			"icon": {
				"paths": [
					"M793.685 677.227c-48.752 79.338-204.451 137.43-388.922 137.43s-340.17-58.058-388.888-137.43c-10.366-16.798-15.874-7.8-15.874 0.547v116.458c0 112.831 181.221 229.768 404.762 229.768 223.576 0 404.762-116.937 404.762-229.768v-116.458c0-8.348-5.508-17.345-15.84-0.547v0 0zM794.335 379.651c-47.965 70.169-204.212 121.59-389.572 121.59-185.327 0-341.607-51.421-389.572-121.59-9.921-14.506-15.19-6.637-15.19-0.068v137.053c0 102.568 181.221 185.669 404.762 185.669 223.576 0 404.762-83.101 404.762-185.669v-137.053c0-6.569-5.303-14.437-15.19 0.068v0 0zM404.762 0c-223.541 0-404.762 68.595-404.762 153.167v73.316c0 89.704 181.221 162.439 404.762 162.439 223.576 0 404.762-72.735 404.762-162.439v-73.316c0-84.572-181.187-153.167-404.762-153.167v0 0zM404.762 0z"
				],
				"attrs": [
					{}
				],
				"width": 810,
				"grid": 0,
				"tags": [
					"database"
				]
			},
			"attrs": [
				{}
			],
			"properties": {
				"order": 18,
				"id": 6,
				"prevSize": 32,
				"code": 58897,
				"name": "database",
				"ligatures": ""
			},
			"setIdx": 0,
			"iconIdx": 26
		},
		{
			"icon": {
				"paths": [
					"M512 0c-282.761 0-512 229.239-512 512s229.239 512 512 512 512-229.239 512-512-229.239-512-512-512zM732.433 694.545c10.479 10.445 10.479 27.443 0 37.888-5.222 5.222-12.083 7.851-18.944 7.851s-13.687-2.628-18.944-7.851l-182.545-182.579-182.579 182.579c-5.222 5.222-12.083 7.851-18.944 7.851s-13.722-2.628-18.944-7.851c-10.479-10.445-10.479-27.443 0-37.888l182.579-182.545-182.545-182.579c-10.479-10.479-10.479-27.443 0-37.888 10.445-10.479 27.443-10.479 37.888 0l182.545 182.579 182.579-182.579c10.479-10.479 27.409-10.479 37.888 0s10.479 27.409 0 37.888l-182.579 182.579 182.545 182.545z"
				],
				"attrs": [
					{}
				],
				"grid": 0,
				"tags": [
					"close"
				]
			},
			"attrs": [
				{}
			],
			"properties": {
				"order": 19,
				"id": 5,
				"prevSize": 32,
				"code": 58898,
				"name": "close",
				"ligatures": ""
			},
			"setIdx": 0,
			"iconIdx": 27
		},
		{
			"icon": {
				"paths": [
					"M835.203 1024c-42.452 0-84.905-16.168-117.242-48.588l-669.373-669.29c-64.757-64.757-64.757-169.727 0-234.484 64.674-64.757 169.81-64.757 234.484 0l552.131 552.048 575.181-575.098c64.591-64.757 169.727-64.757 234.484 0s64.757 169.727 0 234.484l-692.506 692.34c-32.254 32.42-74.789 48.588-117.159 48.588v0z"
				],
				"attrs": [
					{}
				],
				"width": 1693,
				"grid": 0,
				"tags": [
					"chevron-down"
				]
			},
			"attrs": [
				{}
			],
			"properties": {
				"order": 20,
				"id": 4,
				"prevSize": 32,
				"code": 58899,
				"name": "chevron-down",
				"ligatures": ""
			},
			"setIdx": 0,
			"iconIdx": 28
		},
		{
			"icon": {
				"paths": [
					"M512 0c-282.761 0-512 229.239-512 512s229.239 512 512 512c282.761 0 512-229.239 512-512s-229.239-512-512-512zM835.789 345.088l-412.809 412.877c-6.417 6.417-15.087 10.001-24.132 10.001s-17.749-3.584-24.132-10.001l-219.068-219.102c-13.346-13.346-13.346-34.953 0-48.265 13.346-13.346 34.918-13.346 48.265 0l194.935 194.97 388.676-388.745c13.346-13.346 34.918-13.346 48.265 0s13.346 34.953 0 48.265z"
				],
				"attrs": [
					{}
				],
				"grid": 0,
				"tags": [
					"checkmark"
				]
			},
			"attrs": [
				{}
			],
			"properties": {
				"order": 21,
				"id": 3,
				"prevSize": 32,
				"code": 58900,
				"name": "checkmark",
				"ligatures": ""
			},
			"setIdx": 0,
			"iconIdx": 29
		},
		{
			"icon": {
				"paths": [
					"M949.79 275.185h-875.58l437.188 473.63 438.392-473.63z"
				],
				"attrs": [
					{}
				],
				"grid": 0,
				"tags": [
					"arrow-down"
				]
			},
			"attrs": [
				{}
			],
			"properties": {
				"order": 22,
				"id": 1,
				"prevSize": 32,
				"code": 58902,
				"name": "arrow-down",
				"ligatures": ""
			},
			"setIdx": 0,
			"iconIdx": 30
		},
		{
			"icon": {
				"paths": [
					"M275.185 74.21v875.58l473.63-437.188-473.63-438.392z"
				],
				"attrs": [
					{}
				],
				"grid": 0,
				"tags": [
					"arrow-right"
				]
			},
			"attrs": [
				{}
			],
			"properties": {
				"order": 14,
				"id": 0,
				"prevSize": 32,
				"code": 58903,
				"name": "arrow-right",
				"ligatures": ""
			},
			"setIdx": 0,
			"iconIdx": 31
		}
	],
	"height": 1024,
	"metadata": {
		"name": "Strongloop"
	},
	"preferences": {
		"showGlyphs": true,
		"showQuickUse": true,
		"fontPref": {
			"prefix": "sl-icon-",
			"metadata": {
				"fontFamily": "Strongloop",
				"majorVersion": 1,
				"minorVersion": 0
			},
			"metrics": {
				"emSize": 512,
				"baseline": 6.25,
				"whitespace": 50
			},
			"ie7": false,
			"showVersion": true
		},
		"imagePref": {},
		"historySize": 100,
		"showCodes": true,
		"search": "",
		"showQuickUse2": true,
		"showSVGs": true
	}
}